 PRAGMA foreign_keys = ON;

INSERT INTO Country VALUES ('PT', 'Portugal');
INSERT INTO Country VALUES ('BR', 'Brazil');
INSERT INTO Country VALUES ('UK', 'United Kingdom');
INSERT INTO Country VALUES ('SP', 'Spain');
INSERT INTO Country VALUES ('US', 'United States');
INSERT INTO Country VALUES ('NO', 'Norway');
INSERT INTO Country VALUES ('CA', 'Canada');
INSERT INTO Country VALUES ('DK', 'Denmark');
INSERT INTO Country VALUES ('SW', 'Sweden');
INSERT INTO Country VALUES ('NL', 'Netherlands');
INSERT INTO Country VALUES ('AS', 'Australia');
INSERT INTO Country VALUES ('FI', 'Finland');
INSERT INTO Country VALUES ('GM', 'Germany');
INSERT INTO Country VALUES ('MX', 'Mexico');
INSERT INTO Country VALUES ('AE', 'United Arab Emirates');

INSERT INTO AccountType VALUES ('Basic', 1, 7.99);
INSERT INTO AccountType VALUES ('Standard',2, 10.99);
INSERT INTO AccountType VALUES ('Premium', 4, 13.99);

INSERT INTO ClientAccount VALUES (0, '1995-04-08', 'Ana Silva', 'anasilva@gmail.com', '12345', 'PT', 'Standard');
INSERT INTO ClientAccount VALUES (1, '2000-03-07', 'André Monteiro', 'andremonteiro@gmail.com', '1234', 'PT', 'Standard');
INSERT INTO ClientAccount VALUES (2, '2002-09-22', 'Beatriz Rocha', 'beatrizrocha@gmail.com', '12345abc', 'PT', 'Premium');
INSERT INTO ClientAccount VALUES (3, '1999-07-19', 'Ricardo Santos', 'ricardosantos@gmail.com', '000aaa', 'BR', 'Premium');
INSERT INTO ClientAccount VALUES (4, '1980-10-10', 'Grace Smith', 'gracesmith@gmail.com', '000aaa1', 'UK', 'Basic');

INSERT INTO Payment VALUES ('Credit Card');
INSERT INTO Payment VALUES ('iTunes');
INSERT INTO Payment VALUES ('PayPal');
INSERT INTO Payment VALUES ('Netflix Gift Card');

INSERT INTO PaymentClientAccount VALUES ('iTunes', 0);
INSERT INTO PaymentClientAccount VALUES ('Credit Card', 1);
INSERT INTO PaymentClientAccount VALUES ('Credit Card', 2);
INSERT INTO PaymentClientAccount VALUES ('PayPal', 3);
INSERT INTO PaymentClientAccount VALUES ('iTunes', 4);
INSERT INTO PaymentClientAccount VALUES ('Netflix Gift Card', 4);

INSERT INTO User VALUES (0,'Victor', 0);
INSERT INTO User VALUES (1,'Adriana', 1);
INSERT INTO User VALUES (2,'Catarina', 2);
INSERT INTO User VALUES (3,'Ana', 0);
INSERT INTO User VALUES (4,'Mariana', 0);
INSERT INTO User VALUES (5,'André', 1);
INSERT INTO User VALUES (6,'Beatriz', 2);
INSERT INTO User VALUES (7,'Ricardo', 3);
INSERT INTO User VALUES (8,'Gustavo', 3);
INSERT INTO User VALUES (9,'Francisco', 3);
INSERT INTO User VALUES (10,'Grace', 4);
INSERT INTO User VALUES (11,'Phoebe', 4);
INSERT INTO User VALUES (12, 'Maria', 0);
INSERT INTO User VALUES (13, 'Joao', 0);

INSERT INTO Content VALUES (0,'Series','Game of Thrones',8.5,'2012-01-01','GoT_trailer.M2TS');
INSERT INTO Content VALUES (1,'Series','Altered Carbon',6.5,'2015-02-20','AltCarb_trailer.M2TS');
INSERT INTO Content VALUES (2,'Series','Vikings', 8.6,'2009-08-09','Vikings_trailer.M2TS');
INSERT INTO Content VALUES (3,'Movie','Dolemite',8.5,'2018-05-01','Dolemite_trailer.M2TS');
INSERT INTO Content VALUES (4,'Movie','The Fast and the Furious',6.5,'2001-06-22','TheFastAndTheFurious_trailer.M2TS');
INSERT INTO Content VALUES (5,'Movie','O Alto da Compadecida',7.5,'2001-06-17','OAltoDaCompadecida_trailer.M2TS');
INSERT INTO Content VALUES (6, 'Series', 'Stranger Things',8.8, '2016-07-05', 'StrangerThings_trailer.M2TS');
INSERT INTO Content VALUES (7, 'Series', 'Sex Education',8.3, '2019-01-11', 'SexEducation_trailer.M2TS');
INSERT INTO Content VALUES (8, 'Series', 'Orange is the New Black', 8.1, '2013-07-11', 'OitNB_trailer.M2TS');
INSERT INTO Content VALUES (9, 'Series', 'The Witcher', 8.3, '2019-12-20', 'TheWitcher_trailer.M2TS');
INSERT INTO Content VALUES (10, 'Movie', 'Marriage Story', 8.0, '2019-12-06', 'MarriageStory_trailer.M2TS');
INSERT INTO Content VALUES (11, 'Movie', 'Spider-Man: Into the Spider-Verse', 8.4, '2018-12-14', 'IntoTheSpiderVerse_trailer.M2TS');
INSERT INTO Content VALUES (12, 'Movie', 'The Irishman', 7.9, '2019-11-27', 'TheIrishman_trailer.M2TS');
INSERT INTO Content VALUES (13, 'Movie', 'El Camino', 7.4, '2019-10-11', 'ElCamino_trailer.M2TS');
INSERT INTO Content VALUES (14, 'Movie', 'Roma', 7.7, '2018-11-21', 'Roma_trailer.M2TS');
INSERT INTO Content VALUES (15, 'Movie', 'Bird Box', 6.6, '2018-12-21', 'BirdBox_trailer.M2TS');
INSERT INTO Content VALUES (16, 'Movie', 'To All the Boys Ive Loved Before', 7.2, '2018-08-17', 'ToAllTheBoys1_trailer.M2TS');

INSERT INTO Like VALUES (0,5);
INSERT INTO Like VALUES (0,0);
INSERT INTO Like VALUES (0,3);
INSERT INTO Like VALUES (1,0);
INSERT INTO Like VALUES (3,0);
INSERT INTO Like VALUES (4,0);
INSERT INTO Like VALUES (10,0);
INSERT INTO Like VALUES (0, 15);
INSERT INTO Like VALUES (7, 14);
INSERT INTO Like VALUES (9, 9);
INSERT INTO Like VALUES (10, 7);
INSERT INTO Like VALUES (1, 11);
INSERT INTO Like VALUES (10, 13);
INSERT INTO Like VALUES (8, 0);
INSERT INTO Like VALUES (6, 12);
INSERT INTO Like VALUES (6, 0);
INSERT INTO Like VALUES (11, 0);
INSERT INTO Like VALUES (9, 8);
INSERT INTO Like VALUES (4, 13);
INSERT INTO Like VALUES (7, 7);
INSERT INTO Like VALUES (8, 13);
INSERT INTO Like VALUES (9, 7);
INSERT INTO Like VALUES (2, 15);
INSERT INTO Like VALUES (9, 3);
INSERT INTO Like VALUES (11, 4);
INSERT INTO Like VALUES (1, 9);
INSERT INTO Like VALUES (1, 8);

INSERT INTO Dislike VALUES (0,4);
INSERT INTO Dislike VALUES (11, 15);
INSERT INTO Dislike VALUES (8, 13);
INSERT INTO Dislike VALUES (10, 2);
INSERT INTO Dislike VALUES (3, 4);
INSERT INTO Dislike VALUES (3, 9);
INSERT INTO Dislike VALUES (3, 1);
INSERT INTO Dislike VALUES (10, 14);
INSERT INTO Dislike VALUES (8, 14);
INSERT INTO Dislike VALUES (3, 14);
INSERT INTO Dislike VALUES (7, 6);

INSERT INTO BelongsToUserList VALUES (0,5);
INSERT INTO BelongsToUserList VALUES (0,0);
INSERT INTO BelongsToUserList VALUES (0,3);
INSERT INTO BelongsToUserList VALUES (6, 13);
INSERT INTO BelongsToUserList VALUES (7, 12);
INSERT INTO BelongsToUserList VALUES (5, 7);
INSERT INTO BelongsToUserList VALUES (10, 3);
INSERT INTO BelongsToUserList VALUES (5, 15);
INSERT INTO BelongsToUserList VALUES (6, 0);
INSERT INTO BelongsToUserList VALUES (11, 6);
INSERT INTO BelongsToUserList VALUES (11, 5);
INSERT INTO BelongsToUserList VALUES (9, 13);
INSERT INTO BelongsToUserList VALUES (7, 14);
INSERT INTO BelongsToUserList VALUES (0, 2);
INSERT INTO BelongsToUserList VALUES (6, 3);
INSERT INTO BelongsToUserList VALUES (7, 8);
INSERT INTO BelongsToUserList VALUES (0, 10);
INSERT INTO BelongsToUserList VALUES (1, 3);
INSERT INTO BelongsToUserList VALUES (8, 4);
INSERT INTO BelongsToUserList VALUES (4, 3);
INSERT INTO BelongsToUserList VALUES (7, 3);
INSERT INTO BelongsToUserList VALUES (4, 7);
INSERT INTO BelongsToUserList VALUES (8, 15);

INSERT INTO Suggest VALUES (0, 2, '2020-03-30 19:19');
INSERT INTO Suggest VALUES (1, 2, '2020-03-31 18:09');
INSERT INTO Suggest VALUES (0, 13, '2018-03-13 11:19');
INSERT INTO Suggest VALUES (2, 4, '2018-07-19 18:23');
INSERT INTO Suggest VALUES (7, 6, '2017-09-18 10:20');
INSERT INTO Suggest VALUES (9, 3, '2019-05-17 00:09');
INSERT INTO Suggest VALUES (8, 0, '2017-12-26 23:24');
INSERT INTO Suggest VALUES (3, 13, '2018-03-24 22:01');
INSERT INTO Suggest VALUES (5, 12, '2017-05-22 14:02');
INSERT INTO Suggest VALUES (6, 10, '2018-07-23 16:06');
INSERT INTO Suggest VALUES (10, 14, '2019-09-06 11:00');
INSERT INTO Suggest VALUES (6, 2, '2018-10-23 22:14');


INSERT INTO Category VALUES ('Comedy');
INSERT INTO Category VALUES ('Action');
INSERT INTO Category VALUES ('Adventure');
INSERT INTO Category VALUES ('Drama');
INSERT INTO Category VALUES ('Epic');
INSERT INTO Category VALUES ('Fantasy');
INSERT INTO Category VALUES ('Horror');
INSERT INTO Category VALUES ('Animation');
INSERT INTO Category VALUES ('Crime');
INSERT INTO Category VALUES ('Romance');


INSERT INTO CategoryContent VALUES (0, 'Drama');
INSERT INTO CategoryContent VALUES (1, 'Action');
INSERT INTO CategoryContent VALUES (2, 'Epic');
INSERT INTO CategoryContent VALUES (3, 'Comedy');
INSERT INTO CategoryContent VALUES (4, 'Action');
INSERT INTO CategoryContent VALUES (5, 'Comedy');
INSERT INTO CategoryContent VALUES (6, 'Fantasy');
INSERT INTO CategoryContent VALUES (7, 'Comedy');
INSERT INTO CategoryContent VALUES (8, 'Comedy');
INSERT INTO CategoryContent VALUES (9, 'Action');
INSERT INTO CategoryContent VALUES (10, 'Drama');
INSERT INTO CategoryContent VALUES (11, 'Animation');
INSERT INTO CategoryContent VALUES (12, 'Crime');
INSERT INTO CategoryContent VALUES (13, 'Action');
INSERT INTO CategoryContent VALUES (14, 'Drama');
INSERT INTO CategoryContent VALUES (15, 'Horror');
INSERT INTO CategoryContent VALUES (16, 'Romance');


INSERT INTO Person VALUES (0, 'Katheryn Winnick');
INSERT INTO Person VALUES (1, 'Travis Fimmel');
INSERT INTO Person VALUES (2, 'Alexander Ludwig');
INSERT INTO Person VALUES (3, 'Gustaf Skarsgård');
INSERT INTO Person VALUES (4, 'Clive Standen');
INSERT INTO Person VALUES (5, 'Matheus Nachtergaele');
INSERT INTO Person VALUES (6, 'Selton Mello');
INSERT INTO Person VALUES (7, 'Denise Fraga');
INSERT INTO Person VALUES (8, 'Virgínia Cavendish');
INSERT INTO Person VALUES (9, 'Alfonso Cuarón');
INSERT INTO Person VALUES (10, 'Sofia Alvarez');
INSERT INTO Person VALUES (11, 'Lana Condor');
INSERT INTO Person VALUES (12, 'David Benioff');
INSERT INTO Person VALUES (13, 'D.B. Weiss');


INSERT INTO ContentPerson VALUES (2, 0, 'Actor');
INSERT INTO ContentPerson VALUES (2, 1, 'Actor');
INSERT INTO ContentPerson VALUES (2, 2, 'Actor');
INSERT INTO ContentPerson VALUES (2, 3, 'Actor');
INSERT INTO ContentPerson VALUES (2, 4, 'Actor');
INSERT INTO ContentPerson VALUES (5, 5, 'Actor');
INSERT INTO ContentPerson VALUES (5, 6, 'Actor');
INSERT INTO ContentPerson VALUES (5, 7, 'Actor');
INSERT INTO ContentPerson VALUES (5, 8, 'Actor');
INSERT INTO ContentPerson VALUES (15, 9, 'Director');
INSERT INTO ContentPerson VALUES (16, 10, 'Writer');
INSERT INTO ContentPerson VALUES (16, 11, 'Actor');
INSERT INTO ContentPerson VALUES (0, 12, 'Creator');
INSERT INTO ContentPerson VALUES (0, 13, 'Creator');


INSERT INTO Movie VALUES (3, 'Dolemite.M2TS', '01:58');
INSERT INTO Movie VALUES (4, 'TheFastAndTheFurious.M2TS', '01:46');
INSERT INTO Movie VALUES (5, 'AltoDaCompadecida.M2TS', '02:30');
INSERT INTO Movie VALUES (10, 'MarriageStory.M2TS', '02:17');
INSERT INTO Movie VALUES (11, 'IntoTeSpiderVerse.M2TS', '01:57');
INSERT INTO Movie VALUES (12, 'TheIrishman.M2TS', '03:29');
INSERT INTO Movie VALUES (13, 'ElCamino.M2TS', '02:02');
INSERT INTO Movie VALUES (14, 'Roma.M2TS', '02:28');
INSERT INTO Movie VALUES (15, 'BirdBox.M2TS', '02:04');
INSERT INTO Movie VALUES (16, 'ToAllTheBoysIveLovedBefore.M2TS', '01:39');


INSERT INTO Series VALUES (0);
INSERT INTO Series VALUES (1);
INSERT INTO Series VALUES (2);
INSERT INTO Series VALUES (6);
INSERT INTO Series VALUES (7);
INSERT INTO Series VALUES (8);
INSERT INTO Series VALUES (9);


INSERT INTO Season VALUES (0, 1, 0);
INSERT INTO Season VALUES (1, 2, 0);
INSERT INTO Season VALUES (2, 3, 0); 
INSERT INTO Season VALUES (3, 1, 1);
INSERT INTO Season VALUES (4, 2, 1); 
INSERT INTO Season VALUES (5, 1, 2);
INSERT INTO Season VALUES (6, 2, 2);
INSERT INTO Season VALUES (7, 3, 2); 
INSERT INTO Season VALUES (8, 1, 6);
INSERT INTO Season VALUES (9, 2, 6);
INSERT INTO Season VALUES (10, 3, 6); 
INSERT INTO Season VALUES (11, 1, 7);
INSERT INTO Season VALUES (12, 2, 7); 
INSERT INTO Season VALUES (13, 1, 8);
INSERT INTO Season VALUES (14, 2, 8);
INSERT INTO Season VALUES (15, 3, 8);
INSERT INTO Season VALUES (16, 4, 8);
INSERT INTO Season VALUES (17, 5, 8); 
INSERT INTO Season VALUES (18, 1, 9);
 

INSERT INTO Episode VALUES (0, 'Winter is Coming','01:00:02',1, 'GoTS1E1.M2TS', 0);
INSERT INTO Episode VALUES (1, 'The kingsroad','00:59:02',2, 'GoTS1E2.M2TS', 0);
INSERT INTO Episode VALUES (2, 'Lord Snow','01:00:02',3, 'GoTS1E3.M2TS', 0);
INSERT INTO Episode VALUES (3, 'Cripples, Bastards, and Broken Things','01:00:02',4, 'GoTS1E4.M2TS', 0);
INSERT INTO Episode VALUES (4, 'The Wolf and the Lion','01:00:02',5, 'GoTS1E5.M2TS', 0);
INSERT INTO Episode VALUES (5, 'A Golden Crown','01:00:02',6, 'GoTS1E6.M2TS', 0);
INSERT INTO Episode VALUES (6, 'You Win or You Die','01:00:02',7, 'GoTS1E7.M2TS', 0);
INSERT INTO Episode VALUES (7, 'The Pointy End','01:00:02',8, 'GoTS1E8.M2TS', 0);
INSERT INTO Episode VALUES (8, 'Baelor','01:00:02',9, 'GoTS1E9.M2TS', 0);
INSERT INTO Episode VALUES (9, 'Fire and Blood','01:00:02',10, 'GoTS1E10.M2TS', 0);
INSERT INTO Episode VALUES (10, 'The North Remembers','01:00:02',1, 'GoTS2E1.M2TS', 1);
INSERT INTO Episode VALUES (11, 'The Night Lands','00:59:02',2, 'GoTS2E2.M2TS', 1);
INSERT INTO Episode VALUES (12, 'What is Dead May Never Die','01:00:02',3, 'GoTS2E3.M2TS', 1);
INSERT INTO Episode VALUES (13, 'Garden of Bones','01:00:02',4, 'GoTS2E4.M2TS', 1);
INSERT INTO Episode VALUES (14, 'The Ghost of Harrenhal','01:00:02',5, 'GoTS2E5.M2TS', 1);
INSERT INTO Episode VALUES (15, 'The Old Gods and the New','01:00:02',6, 'GoTS2E6.M2TS', 1);
INSERT INTO Episode VALUES (16, 'A Man Without Honor','01:00:02',7, 'GoTS2E7.M2TS', 0);
INSERT INTO Episode VALUES (17, 'The Prince of Winterfell','01:00:02',8, 'GoTS2E8.M2TS', 1);
INSERT INTO Episode VALUES (18, 'Blackwater','01:00:02',9, 'GoTS2E9.M2TS', 1);
INSERT INTO Episode VALUES (19, 'Valar Mourghulis','01:00:02',10, 'GoTS2E10.M2TS', 1);
INSERT INTO Episode VALUES (20, 'Valar Dohaeris','01:00:02',1, 'GoTS3E1.M2TS', 2);
INSERT INTO Episode VALUES (21, 'Dark Wings, Dark Words','00:59:02',2, 'GoTS3E2.M2TS', 2);
INSERT INTO Episode VALUES (22, 'Walk of Punishment','01:00:02',3, 'GoTS3E3.M2TS', 0);
INSERT INTO Episode VALUES (23, 'And Now His Watch Is Ended','01:00:02',4, 'GoTS3E4.M2TS', 2);
INSERT INTO Episode VALUES (24, 'Kissed by Fire','01:00:02',5, 'GoTS3E5.M2TS', 2);
INSERT INTO Episode VALUES (25, 'The Climb','01:00:02',6, 'GoTS3E6.M2TS', 2);
INSERT INTO Episode VALUES (26, 'The Bear and the Maiden Fair','01:00:02',7, 'GoTS3E7.M2TS', 2);
INSERT INTO Episode VALUES (27, 'Second Sons','01:00:02',8, 'GoTS3E8.M2TS', 2);
INSERT INTO Episode VALUES (28, 'The Rains of Castamere','01:00:02',9, 'GoTS3E9.M2TS', 2);
INSERT INTO Episode VALUES (29, 'Mhysa','01:00:02',10, 'GoTS3E10.M2TS', 2);

INSERT INTO Episode VALUES (30, 'Out of the Past','01:10:02',1, 'AlteredCarbonS1E1.M2TS', 3);
INSERT INTO Episode VALUES (31, 'Fallen Angel','00:50:02',2, 'AlteredCarbonS1E2.M2TS', 3);
INSERT INTO Episode VALUES (32, 'In a Lonely Plac','00:50:02',3, 'AlteredCarbonS1E3.M2TS', 3);
INSERT INTO Episode VALUES (33, 'Force of Evil','00:50:02',4, 'AlteredCarbonS1E4.M2TS', 3);
INSERT INTO Episode VALUES (34, 'The Wrong Man','00:50:02',5, 'AlteredCarbonS1E5.M2TS', 3);
INSERT INTO Episode VALUES (35, 'Man with My Face','00:50:02',6, 'AlteredCarbonS1E6.M2TS', 3);
INSERT INTO Episode VALUES (36, 'Nora Inu','00:50:02',7, 'AlteredCarbonS1E7.M2TS', 3);
INSERT INTO Episode VALUES (37, 'Clash by Night','00:50:02',8, 'AlteredCarbonS1E8.M2TS', 3);
INSERT INTO Episode VALUES (38, 'Rage in Heaven','00:50:02',9, 'AlteredCarbonS1E9.M2TS', 3);
INSERT INTO Episode VALUES (39, 'The Killers','00:50:02',10, 'AlteredCarbonS1E10.M2TS', 3);
INSERT INTO Episode VALUES (40, 'Phantom Lady','01:10:02',1, 'AlteredCarbonS2E1.M2TS', 4);
INSERT INTO Episode VALUES (41, 'Payment Deferred','00:50:02',2, 'AlteredCarbonS2E2.M2TS', 4);
INSERT INTO Episode VALUES (42, 'Nightmare Alley','00:50:02',3, 'AlteredCarbonS2E3.M2TS', 4);
INSERT INTO Episode VALUES (43, 'Shadow of a Doubt','00:50:02',4, 'AlteredCarbonS2E4.M2TS', 4);
INSERT INTO Episode VALUES (44, 'I Wake Up Screaming','00:50:02',5, 'AlteredCarbonS2E5.M2TS', 4);
INSERT INTO Episode VALUES (45, 'Bury Me Dead','00:50:02',6, 'AlteredCarbonS2E6.M2TS', 4);
INSERT INTO Episode VALUES (46, 'Experiment Perilous','00:50:02',7, 'AlteredCarbonS2E7.M2TS', 4);
INSERT INTO Episode VALUES (47, 'Broken Angels','00:50:02',8, 'AlteredCarbonS2E8.M2TS', 4);

INSERT INTO Episode VALUES (48, 'Rites of Passage','01:10:02',1, 'VikingsS1E1.M2TS', 5);
INSERT INTO Episode VALUES (49, 'Wrath of the Northmen','00:50:02',2, 'VikingsnS1E2.M2TS', 5);
INSERT INTO Episode VALUES (50, 'Dispossessed','00:50:02',3, 'VikingsS1E3.M2TS', 5);
INSERT INTO Episode VALUES (51, 'Trialt','00:50:02',4, 'VikingsS1E4.M2TS', 5);
INSERT INTO Episode VALUES (52, 'Raid','00:50:02',5, 'VikingsS1E5.M2TS', 5);
INSERT INTO Episode VALUES (53, 'Burial of the Dead','00:50:02',6, 'VikingsS1E6.M2TS', 5);
INSERT INTO Episode VALUES (54, 'A Kings Ransom','00:50:02',7 ,'VikingsS1E7.M2TS', 5);
INSERT INTO Episode VALUES (55, 'Sacrifice','00:50:02',8, 'VikingsS1E8.M2TS', 5);
INSERT INTO Episode VALUES (56, 'All Change','00:50:02',9, 'VikingsS1E9.M2TS', 5);
INSERT INTO Episode VALUES (57, 'Brothers War','01:10:02',1, 'VikingsS2E1.M2TS', 6);
INSERT INTO Episode VALUES (58, 'Invasion','00:50:02',2, 'VikingsnS2E2.M2TS', 6);
INSERT INTO Episode VALUES (59, 'Treachery','00:50:02',3, 'VikingsS2E3.M2TS', 6);
INSERT INTO Episode VALUES (60, 'Eye for an Eye','00:50:02',4, 'VikingsS2E4.M2TS', 6);
INSERT INTO Episode VALUES (61, 'Answers in the Blood','00:50:02',5, 'VikingsS2E5.M2TS', 6);
INSERT INTO Episode VALUES (62, 'Unforgiven','00:50:02',6, 'VikingsS2E6.M2TS', 6);
INSERT INTO Episode VALUES (63, 'Blood Eagle','00:50:02',7 ,'VikingsS2E7.M2TS', 6);
INSERT INTO Episode VALUES (64, 'Boneless','00:50:02',8 ,'VikingsS2E8.M2TS', 6);
INSERT INTO Episode VALUES (65, 'The Choice','00:50:02',9, 'VikingsS2E9.M2TS', 6);
INSERT INTO Episode VALUES (66, 'The Lords Prayer','00:50:02',10, 'VikingsS2E10.M2TS', 6);
INSERT INTO Episode VALUES (67, 'Mercenary','01:10:02',1, 'VikingsS3E1.M2TS', 7);
INSERT INTO Episode VALUES (68, 'The Wanderer','00:50:02',2, 'VikingsnS3E2.M2TS', 7);
INSERT INTO Episode VALUES (69, 'Warriors Fate','00:50:02',3, 'VikingsS3E3.M2TS', 7);
INSERT INTO Episode VALUES (70, 'Scarred','00:50:02',4, 'VikingsS3E4.M2TS', 7);
INSERT INTO Episode VALUES (71, 'The Usurper','00:50:02',5, 'VikingsS3E5.M2TS', 7);
INSERT INTO Episode VALUES (72, 'Born Again','00:50:02',6, 'VikingsS3E6.M2TS', 7);
INSERT INTO Episode VALUES (73, 'Paris','00:50:02',7 ,'VikingsS3E7.M2TS', 7);
INSERT INTO Episode VALUES (74, 'To The Gates','00:50:02',8 ,'VikingsS3E8.M2TS', 7);
INSERT INTO Episode VALUES (75, 'Breaking Point','00:50:02',9, 'VikingsS3E9.M2TS', 7);
INSERT INTO Episode VALUES (76, 'The Dead','00:50:02',10, 'VikingsS3E10.M2TS', 7);

INSERT INTO Episode VALUES (77, 'Chapter One: The Vanishing of Will Byers','01:00:02',1, 'StrangerThingsS1E1.M2TS', 8);
INSERT INTO Episode VALUES (78, 'Chapter Two: The Weirdo on Maple Street','00:59:02',2, 'StrangerThingsS1E2.M2TS', 8);
INSERT INTO Episode VALUES (79, 'Chapter Three: Holly, Jolly','01:00:02',3, 'StrangerThingsS1E3.M2TS', 8);
INSERT INTO Episode VALUES (80, 'Chapter Four: The Body','01:00:02',4, 'StrangerThingsS1E4.M2TS', 8);
INSERT INTO Episode VALUES (81, 'Chapter Five: The Flea and the Acrobat','01:00:02',5, 'StrangerThingsS1E5.M2TS', 8);
INSERT INTO Episode VALUES (82, 'Chapter Six: The Monster','01:00:02',6, 'StrangerThingsS1E6.M2TS', 8);
INSERT INTO Episode VALUES (83, 'Chapter Seven: The Bathtub','01:00:02',7, 'StrangerThingsS1E7.M2TS', 8);
INSERT INTO Episode VALUES (84, 'Chapter Eight: The Upside Down','01:00:02',8, 'StrangerThingsS1E8.M2TS', 8);
INSERT INTO Episode VALUES (85, 'Chapter One: MADMAX','01:00:02',1, 'StrangerThingsS2E1.M2TS', 9);
INSERT INTO Episode VALUES (86, 'Chapter Two: Trick or Treat, Freak','00:59:02',2, 'StrangerThingsS2E2.M2TS', 9);
INSERT INTO Episode VALUES (87, 'Chapter Three: The Pollywog','01:00:02',3, 'StrangerThingsS2E3.M2TS', 9);
INSERT INTO Episode VALUES (88, 'Chapter Four: Will the Wise','01:00:02',4, 'StrangerThingsS2E4.M2TS', 9);
INSERT INTO Episode VALUES (89, 'Chapter Five: Dig Dugt','01:00:02',5, 'StrangerThingsS2E5.M2TS', 9);
INSERT INTO Episode VALUES (90, 'Chapter Six: The Spy','01:00:02',6, 'StrangerThingsS2E6.M2TS', 9);
INSERT INTO Episode VALUES (91, 'Chapter Seven: The Lost Sister','01:00:02',7, 'StrangerThingsS2E7.M2TS', 8);
INSERT INTO Episode VALUES (92, 'Chapter Eight: The Mind Flayer','01:00:02',8, 'StrangerThingsS2E8.M2TS', 9);
INSERT INTO Episode VALUES (93, 'Chapter Nine: The Gate','01:00:02',9, 'StrangerThingsS2E9.M2TS', 9);
INSERT INTO Episode VALUES (94, 'Chapter One: Suzie, Do You Copy?','01:00:02',1, 'StrangerThingsS3E1.M2TS', 10);
INSERT INTO Episode VALUES (95, 'Chapter Two: The Mall Rats','00:59:02',2, 'StrangerThingsS3E2.M2TS', 10);
INSERT INTO Episode VALUES (96, 'Chapter Three: The Case of the Missing Lifeguard','01:00:02',3, 'StrangerThingsS3E3.M2TS', 10);
INSERT INTO Episode VALUES (97, 'Chapter Four: The Sauna Test','01:00:02',4, 'StrangerThingsS3E4.M2TS', 10);
INSERT INTO Episode VALUES (98, 'Chapter Five: The Flayed','01:00:02',5, 'StrangerThingsS3E5.M2TS', 10);
INSERT INTO Episode VALUES (99, 'Chapter Six: E Pluribus Unum','01:00:02',6, 'StrangerThingsS3E6.M2TS', 10);
INSERT INTO Episode VALUES (100, 'Chapter Seven: The Bite','01:00:02',7, 'StrangerThingsS3E7.M2TS', 10);
INSERT INTO Episode VALUES (101, 'Chapter Eight: The Battle of Starcourt','01:00:02',8, 'StrangerThingsS3E8.M2TS', 10);

INSERT INTO Episode VALUES (102, 'Episode 1','01:00:02',1, 'SexEducationS1E1.M2TS', 11);
INSERT INTO Episode VALUES (103, 'Episode 2','00:59:02',2, 'SexEducationS1E2.M2TS', 11);
INSERT INTO Episode VALUES (104, 'Episode 3','01:00:02',3, 'SexEducationS1E3.M2TS', 11);
INSERT INTO Episode VALUES (105, 'Episode 4','01:00:02',4, 'SexEducationS1E4.M2TS', 11);
INSERT INTO Episode VALUES (106, 'Episode 5','01:00:02',5, 'SexEducationS1E5.M2TS', 11);
INSERT INTO Episode VALUES (107, 'Episode 6','01:00:02',6, 'SexEducationS1E6.M2TS', 11);
INSERT INTO Episode VALUES (108, 'Episode 7','01:00:02',7, 'SexEducationS1E7.M2TS', 11);
INSERT INTO Episode VALUES (109, 'Episode 8','01:00:02',8, 'SexEducationS1E8.M2TS', 11);
INSERT INTO Episode VALUES (110, 'Episode 1','01:00:02',1, 'SexEducationS2E1.M2TS', 12);
INSERT INTO Episode VALUES (111, 'Episode 2','00:59:02',2, 'SexEducationS2E2.M2TS', 12);
INSERT INTO Episode VALUES (112, 'Episode 3','01:00:02',3, 'SexEducationS2E3.M2TS', 12);
INSERT INTO Episode VALUES (113, 'Episode 4','01:00:02',4, 'SexEducationS2E4.M2TS', 12);
INSERT INTO Episode VALUES (114, 'Episode 5','01:00:02',5, 'SexEducationS2E5.M2TS', 12);
INSERT INTO Episode VALUES (115, 'Episode 6','01:00:02',6, 'SexEducationS2E6.M2TS', 12);
INSERT INTO Episode VALUES (116, 'Episode 7','01:00:02',7, 'SexEducationS2E7.M2TS', 12);
INSERT INTO Episode VALUES (117, 'Episode 8','01:00:02',8, 'SexEducationS2E8.M2TS', 12);

INSERT INTO Episode VALUES (118, 'I Wasnt Ready','01:00:02',1, 'OITNBS1E1.M2TS', 13);
INSERT INTO Episode VALUES (119, 'Tit Punch','00:59:02',2, 'OITNBS1E2.M2TS', 13);
INSERT INTO Episode VALUES (120, 'Lesbian Request Denied','01:00:02',3, 'OITNBS1E3.M2TS', 13);
INSERT INTO Episode VALUES (121, 'Imaginary Enemies','01:00:02',4, 'OITNBS1E4.M2TS', 13);
INSERT INTO Episode VALUES (122, 'The Chickening','01:00:02',5, 'OITNBS1E5.M2TS', 13);
INSERT INTO Episode VALUES (123, 'WAC Pack','01:00:02',6, 'OITNBS1E6.M2TS', 13);
INSERT INTO Episode VALUES (124, 'Blood Donut','01:00:02',7, 'OITNBS1E7.M2TS', 13);
INSERT INTO Episode VALUES (125, 'Moscow Mule','01:00:02',8, 'OITNBS1E8.M2TS', 13);
INSERT INTO Episode VALUES (126, 'Fucksgiving','01:00:02',9, 'OITNBS2E9.M2TS', 13);
INSERT INTO Episode VALUES (127, 'Bora Bora Bora','00:59:02',10, 'OITNBS1E10.M2TS', 13);
INSERT INTO Episode VALUES (128, 'Tall Men with Feelings','01:00:02',11, 'OITNBS1E11.M2TS', 13);
INSERT INTO Episode VALUES (129, 'Fool Me Once','01:00:02',12, 'OITNBS1E12.M2TS', 13);
INSERT INTO Episode VALUES (130, 'Cant Fix Crazy','01:00:02',13, 'OITNBS1E13.M2TS', 13);

INSERT INTO Episode VALUES (134, 'Thirsty Bird','01:00:02',1, 'OITNBS2E1.M2TS', 14);
INSERT INTO Episode VALUES (135, 'Looks Blue, Tastes Red','00:59:02',2, 'OITNBS2E2.M2TS', 14);
INSERT INTO Episode VALUES (136, 'Hugs Can Be Deceiving','01:00:02',3, 'OITNBS2E3.M2TS', 14);
INSERT INTO Episode VALUES (137, 'A Whole Other Hole','01:00:02',4, 'OITNBS2E4.M2TS', 14);
INSERT INTO Episode VALUES (138, 'Low Self Esteem City','01:00:02',5, 'OITNBS2E5.M2TS', 14);
INSERT INTO Episode VALUES (139, 'You Also Have a Pizza6','01:00:02',6, 'OITNBS2E6.M2TS', 14);
INSERT INTO Episode VALUES (140, 'Comic Sans','01:00:02',7, 'OITNBS2E7.M2TS', 14);
INSERT INTO Episode VALUES (141, 'Appropriately Sized Pots','01:00:02',8, 'OITNBS2E8.M2TS', 14);
INSERT INTO Episode VALUES (142, '40 Oz. of Furlough','01:00:02',9, 'OITNBS2E9.M2TS', 14);
INSERT INTO Episode VALUES (143, 'Little Mustachioed Shit','00:59:02',10, 'OITNBS2E10.M2TS', 14);
INSERT INTO Episode VALUES (144, 'Take a Break from Your Values','01:00:02',11, 'OITNBS2E11.M2TS', 14);
INSERT INTO Episode VALUES (145, 'It Was the Change','01:00:02',12, 'OITNBS2E12.M2TS', 14);
INSERT INTO Episode VALUES (146, 'We Have Manners. Were Polite.','01:00:02',13, 'OITNBS2E13.M2TS', 14);

INSERT INTO Episode VALUES (150, 'Mothers Day','01:00:02',1, 'OITNBS3E1.M2TS', 15);
INSERT INTO Episode VALUES (151, 'Bed Bugs and Beyond','00:59:02',2, 'OITNBS3E2.M2TS', 15);
INSERT INTO Episode VALUES (152, 'Empathy Is a Boner Killer','01:00:02',3, 'OITNBS3E3.M2TS', 15);
INSERT INTO Episode VALUES (153, 'Finger in the Dyke','01:00:02',4, 'OITNBS3E4.M2TS', 15);
INSERT INTO Episode VALUES (154, 'Fake It Till You Fake It Some More','01:00:02',5, 'OITNBS3E5.M2TS', 15);
INSERT INTO Episode VALUES (155, 'Ching Chong Chang','01:00:02',6, 'OITNBS3E6.M2TS', 15);
INSERT INTO Episode VALUES (156, 'Tongue-Tied','01:00:02',7, 'OITNBS3E7.M2TS', 15);
INSERT INTO Episode VALUES (157, 'Fear, and Other Smells','01:00:02',8, 'OITNBS3E8.M2TS', 15);
INSERT INTO Episode VALUES (158, 'Where My Dreidel At','01:00:02',9, 'OITNBS3E9.M2TS', 15);
INSERT INTO Episode VALUES (159, 'A Tittin and a Hairin','00:59:02',10, 'OITNBS3E10.M2TS', 15);
INSERT INTO Episode VALUES (160, 'We Can Be Heroes','01:00:02',11, 'OITNBS3E11.M2TS', 15);
INSERT INTO Episode VALUES (161, 'Dont Make Me Come Back There','01:00:02',12, 'OITNBS3E12.M2TS', 15);
INSERT INTO Episode VALUES (162, 'Trust No Bitch','01:00:02',13, 'OITNBS3E13.M2TS', 15);

INSERT INTO Episode VALUES (166, 'Work That Body for Me','01:00:02',1, 'OITNBS4E1.M2TS', 16);
INSERT INTO Episode VALUES (167, 'Power Suit','00:59:02',2, 'OITNBS4E2.M2TS', 16);
INSERT INTO Episode VALUES (168, '(Dont) Say Anything','01:00:02',3, 'OITNBS4E3.M2TS', 16);
INSERT INTO Episode VALUES (169, 'Doctor Psycho','01:00:02',4, 'OITNBS4E4.M2TS', 16);
INSERT INTO Episode VALUES (170, 'Well Always Have Baltimore','01:00:02',5, 'OITNBS4E5.M2TS', 16);
INSERT INTO Episode VALUES (171, 'Piece of Sh*t','01:00:02',6, 'OITNBS4E6.M2TS', 16);
INSERT INTO Episode VALUES (172, 'It Sounded Nicer in My Head','01:00:02',7, 'OITNBS4E7.M2TS', 16);
INSERT INTO Episode VALUES (173, 'Friends in Low Places"','01:00:02',8, 'OITNBS4E8.M2TS', 16);
INSERT INTO Episode VALUES (174, 'Turn Table Turn','01:00:02',9, 'OITNBS4E9.M2TS', 16);
INSERT INTO Episode VALUES (175, 'Bunny, Skull, Bunny, Skull','00:59:02',10, 'OITNBS4E10.M2TS', 16);
INSERT INTO Episode VALUES (176, 'People Persons','01:00:02',11, 'OITNBS4E11.M2TS', 16);
INSERT INTO Episode VALUES (177, 'The Animals','01:00:02',12, 'OITNBS4E12.M2TS', 16);
INSERT INTO Episode VALUES (178, 'Toast Cant Never Be Bread Again','01:00:02',13, 'OITNBS4E13.M2TS', 16);

INSERT INTO Episode VALUES (182, 'Riot FOMO','01:00:02',1, 'OITNBS5E1.M2TS', 17);
INSERT INTO Episode VALUES (183, 'Fuck, Marry, Frieda','00:59:02',2, 'OITNBS5E2.M2TS', 17);
INSERT INTO Episode VALUES (184, 'Pissters','01:00:02',3, 'OITNBS5E3.M2TS', 17);
INSERT INTO Episode VALUES (185, 'Litchfields Got Talent','01:00:02',4, 'OITNBS5E4.M2TS', 17);
INSERT INTO Episode VALUES (186, 'Sing It, White Effie','01:00:02',5, 'OITNBS5E5.M2TS', 17);
INSERT INTO Episode VALUES (187, 'Flaming Hot Cheetos, Literally','01:00:02',6, 'OITNBS5E6.M2TS', 17);
INSERT INTO Episode VALUES (188, 'Full Bush, Half Snickers','01:00:02',7, 'OITNBS5E7.M2TS', 17);
INSERT INTO Episode VALUES (189, 'Tied to the Tracks','01:00:02',8, 'OITNBS5E8.M2TS', 17);
INSERT INTO Episode VALUES (190, 'The Tightening','01:00:02',9, 'OITNBS5E9.M2TS', 17);
INSERT INTO Episode VALUES (191, 'The Reverse Midas Touch','00:59:02',10, 'OITNBS5E10.M2TS', 17);
INSERT INTO Episode VALUES (192, 'Breaking the Fiberboard Ceiling','01:00:02',11, 'OITNBS5E11.M2TS', 17);
INSERT INTO Episode VALUES (193, 'Tattoo You','01:00:02',12, 'OITNBS5E12.M2TS', 17);
INSERT INTO Episode VALUES (194, 'Storm-y Weather','01:00:02',13, 'OITNBS5E13.M2TS', 17);

INSERT INTO Episode VALUES (195, 'The Ends Beginning','01:00:02',1, 'TheWitcherS1E1.M2TS', 18);
INSERT INTO Episode VALUES (196, 'Four Marks','00:59:02',2, 'TheWitcherS1E2.M2TS', 18);
INSERT INTO Episode VALUES (197, 'Betrayer Moon','01:00:02',3, 'TheWitcherS1E3.M2TS', 18);
INSERT INTO Episode VALUES (198, 'Of Banquets, Bastards and Burials','01:00:02',4, 'TheWitcherS1E4.M2TS', 18);
INSERT INTO Episode VALUES (199, 'Bottled Appetites','01:00:02',5, 'TheWitcherS1E5.M2TS', 18);
INSERT INTO Episode VALUES (200, 'Rare Species','01:00:02',6, 'TheWitcherS1E6.M2TS', 18);
INSERT INTO Episode VALUES (201, 'Before a Fall','01:00:02',7, 'TheWitcherS1E7.M2TS', 18);
INSERT INTO Episode VALUES (202, 'Much More','01:00:02',8, 'TheWitcherS1E8.M2TS', 18);


INSERT INTO Subtitles (subtitleID, language, subtitlesFile, episodeID) VALUES (0, 'Português', 'GoTS1E1SUBPT.srt', 0);
INSERT INTO Subtitles (subtitleID, language, subtitlesFile, episodeID) VALUES (1, 'Português', 'GoTS1E2SUBPT.srt', 1);
INSERT INTO Subtitles (subtitleID, language, subtitlesFile, episodeID) VALUES (2, 'Português', 'GoTS1E3SUBPT.srt', 2);
INSERT INTO Subtitles (subtitleID, language, subtitlesFile, episodeID) VALUES (3, 'Português', 'GoTS1E4SUBPT.srt', 3);
INSERT INTO Subtitles (subtitleID, language, subtitlesFile, episodeID) VALUES (4, 'Português', 'GoTS1E5SUBPT.srt', 4);
INSERT INTO Subtitles (subtitleID, language, subtitlesFile, episodeID) VALUES (5, 'Português', 'GoTS1E6SUBPT.srt', 5);
INSERT INTO Subtitles (subtitleID, language, subtitlesFile, episodeID) VALUES (6, 'Português', 'GoTS1E7SUBPT.srt', 6);
INSERT INTO Subtitles (subtitleID, language, subtitlesFile, episodeID) VALUES (7, 'Português', 'GoTS1E8SUBPT.srt', 7);
INSERT INTO Subtitles (subtitleID, language, subtitlesFile, episodeID) VALUES (8, 'Português', 'GoTS1E9SUBPT.srt', 8);
INSERT INTO Subtitles (subtitleID, language, subtitlesFile, episodeID) VALUES (9, 'Português', 'GoTS1E10SUBPT.srt',9);
INSERT INTO Subtitles (subtitleID, language, subtitlesFile, episodeID) VALUES (10, 'Português', 'GoTS2E1SUBPT.srt', 10);
INSERT INTO Subtitles (subtitleID, language, subtitlesFile, episodeID) VALUES (11, 'Português', 'GoTS2E2SUBPT.srt', 11);
INSERT INTO Subtitles (subtitleID, language, subtitlesFile, episodeID) VALUES (12, 'Português', 'GoTS2E3SUBPT.srt', 12);
INSERT INTO Subtitles (subtitleID, language, subtitlesFile, episodeID) VALUES (13, 'Português', 'GoTS2E4SUBPT.srt', 13);
INSERT INTO Subtitles (subtitleID, language, subtitlesFile, episodeID) VALUES (14, 'Português', 'GoTS2E5SUBPT.srt', 14);
INSERT INTO Subtitles (subtitleID, language, subtitlesFile, episodeID) VALUES (15, 'Português', 'GoTS2E6SUBPT.srt', 15);
INSERT INTO Subtitles (subtitleID, language, subtitlesFile, episodeID) VALUES (16, 'Português', 'GoTS2E7SUBPT.srt', 16);
INSERT INTO Subtitles (subtitleID, language, subtitlesFile, episodeID) VALUES (17, 'Português', 'GoTS2E8SUBPT.srt', 17);
INSERT INTO Subtitles (subtitleID, language, subtitlesFile, episodeID) VALUES (18, 'Português', 'GoTS2E9SUBPT.srt', 18);
INSERT INTO Subtitles (subtitleID, language, subtitlesFile, episodeID) VALUES (19, 'Português', 'GoTS2E10SUBPT.srt', 19);
INSERT INTO Subtitles (subtitleID, language, subtitlesFile, episodeID) VALUES (20, 'Português', 'GoTS3E1SUBPT.srt', 20);
INSERT INTO Subtitles (subtitleID, language, subtitlesFile, episodeID) VALUES (21, 'Português', 'GoTS3E2SUBPT.srt', 21);
INSERT INTO Subtitles (subtitleID, language, subtitlesFile, episodeID) VALUES (22, 'Português', 'GoTS3E3SUBPT.srt', 22);
INSERT INTO Subtitles (subtitleID, language, subtitlesFile, episodeID) VALUES (23, 'Português', 'GoTS3E4SUBPT.srt', 23);
INSERT INTO Subtitles (subtitleID, language, subtitlesFile, episodeID) VALUES (24, 'Português', 'GoTS3E5SUBPT.srt', 24);
INSERT INTO Subtitles (subtitleID, language, subtitlesFile, episodeID) VALUES (25, 'Português', 'GoTS3E6SUBPT.srt', 25);
INSERT INTO Subtitles (subtitleID, language, subtitlesFile, episodeID) VALUES (26, 'Português', 'GoTS3E7SUBPT.srt', 26);
INSERT INTO Subtitles (subtitleID, language, subtitlesFile, episodeID) VALUES (27, 'Português', 'GoTS3E8SUBPT.srt', 27);
INSERT INTO Subtitles (subtitleID, language, subtitlesFile, episodeID) VALUES (28, 'Português', 'GoTS3E9SUBPT.srt', 28);
INSERT INTO Subtitles (subtitleID, language, subtitlesFile, episodeID) VALUES (29, 'Português', 'GoTS3E10SUBPT.srt', 29);
INSERT INTO Subtitles (subtitleID, language, subtitlesFile, episodeID) VALUES (30, 'English', 'AlteredCarbonS1E1SUBEN.srt', 10);
INSERT INTO Subtitles (subtitleID, language, subtitlesFile, episodeID) VALUES (31, 'English', 'AlteredCarbonS1E2SUBEN.srt', 31);
INSERT INTO Subtitles (subtitleID, language, subtitlesFile, episodeID) VALUES (32, 'English', 'AlteredCarbonS1E3SUBEN.srt', 32);
INSERT INTO Subtitles (subtitleID, language, subtitlesFile, episodeID) VALUES (33, 'English', 'AlteredCarbonS1E4SUBEN.srt', 33);
INSERT INTO Subtitles (subtitleID, language, subtitlesFile, episodeID) VALUES (34, 'English', 'AlteredCarbonS1E5SUBEN.srt', 34);
INSERT INTO Subtitles (subtitleID, language, subtitlesFile, episodeID) VALUES (35, 'English', 'AlteredCarbonS1E6SUBEN.srt', 35);
INSERT INTO Subtitles (subtitleID, language, subtitlesFile, episodeID) VALUES (36, 'English', 'AlteredCarbonS1E7SUBEN.srt', 36);
INSERT INTO Subtitles (subtitleID, language, subtitlesFile, episodeID) VALUES (37, 'English', 'AlteredCarbonS1E8SUBEN.srt', 37);
INSERT INTO Subtitles (subtitleID, language, subtitlesFile, episodeID) VALUES (38, 'English', 'AlteredCarbonS1E9SUBEN.srt', 38);
INSERT INTO Subtitles (subtitleID, language, subtitlesFile, episodeID) VALUES (39, 'English', 'AlteredCarbonS1E10SUBEN.srt', 39);
INSERT INTO Subtitles (subtitleID, language, subtitlesFile, episodeID) VALUES (40, 'English', 'AlteredCarbonS2E1SUBEN.srt', 40);
INSERT INTO Subtitles (subtitleID, language, subtitlesFile, episodeID) VALUES (41, 'English', 'AlteredCarbonS2E2SUBEN.srt', 41);
INSERT INTO Subtitles (subtitleID, language, subtitlesFile, episodeID) VALUES (42, 'English', 'AlteredCarbonS2E3SUBEN.srt', 42);
INSERT INTO Subtitles (subtitleID, language, subtitlesFile, episodeID) VALUES (43, 'English', 'AlteredCarbonS2E4SUBEN.srt', 43);
INSERT INTO Subtitles (subtitleID, language, subtitlesFile, episodeID) VALUES (44, 'English', 'AlteredCarbonS2E5SUBEN.srt', 44);
INSERT INTO Subtitles (subtitleID, language, subtitlesFile, episodeID) VALUES (45, 'English', 'AlteredCarbonS2E6SUBEN.srt', 45);
INSERT INTO Subtitles (subtitleID, language, subtitlesFile, episodeID) VALUES (46, 'English', 'AlteredCarbonS2E7SUBEN.srt', 46);
INSERT INTO Subtitles (subtitleID, language, subtitlesFile, episodeID) VALUES (47, 'English', 'AlteredCarbonS2E8SUBEN.srt', 47);
INSERT INTO Subtitles (subtitleID, language, subtitlesFile, episodeID) VALUES (48, 'Espanol', 'VikingsS1E1SUBES.srt', 48);
INSERT INTO Subtitles (subtitleID, language, subtitlesFile, episodeID) VALUES (49, 'Espanol', 'VikingsS1E2SUBES.srt', 49);
INSERT INTO Subtitles (subtitleID, language, subtitlesFile, episodeID) VALUES (50, 'Espanol', 'VikingsS1E3SUBES.srt', 50);
INSERT INTO Subtitles (subtitleID, language, subtitlesFile, episodeID) VALUES (51, 'Espanol', 'VikingsS1E4SUBES.srt', 51);
INSERT INTO Subtitles (subtitleID, language, subtitlesFile, episodeID) VALUES (52, 'Espanol', 'VikingsS1E5SUBES.srt', 52);
INSERT INTO Subtitles (subtitleID, language, subtitlesFile, episodeID) VALUES (53, 'Espanol', 'VikingsS1E6SUBES.srt', 53);
INSERT INTO Subtitles (subtitleID, language, subtitlesFile, episodeID) VALUES (54, 'Espanol', 'VikingsS1E7SUBES.srt', 54);
INSERT INTO Subtitles (subtitleID, language, subtitlesFile, episodeID) VALUES (55, 'Espanol', 'VikingsS1E8SUBES.srt', 55);
INSERT INTO Subtitles (subtitleID, language, subtitlesFile, episodeID) VALUES (56, 'Espanol', 'VikingsS1E9SUBES.srt', 56);
INSERT INTO Subtitles (subtitleID, language, subtitlesFile, episodeID) VALUES (57, 'Espanol', 'VikingsS2E1SUBES.srt', 57);
INSERT INTO Subtitles (subtitleID, language, subtitlesFile, episodeID) VALUES (58, 'Espanol', 'VikingsS2E2SUBES.srt', 58);
INSERT INTO Subtitles (subtitleID, language, subtitlesFile, episodeID) VALUES (59, 'Espanol', 'VikingsS2E3SUBES.srt', 59);
INSERT INTO Subtitles (subtitleID, language, subtitlesFile, episodeID) VALUES (60, 'Espanol', 'VikingsS2E4SUBES.srt', 60);
INSERT INTO Subtitles (subtitleID, language, subtitlesFile, episodeID) VALUES (61, 'Espanol', 'VikingsS2E5SUBES.srt', 61);
INSERT INTO Subtitles (subtitleID, language, subtitlesFile, episodeID) VALUES (62, 'Espanol', 'VikingsS2E6SUBES.srt', 62);
INSERT INTO Subtitles (subtitleID, language, subtitlesFile, episodeID) VALUES (63, 'Espanol', 'VikingsS2E7SUBES.srt', 63);
INSERT INTO Subtitles (subtitleID, language, subtitlesFile, episodeID) VALUES (64, 'Espanol', 'VikingsS2E8SUBES.srt', 64);
INSERT INTO Subtitles (subtitleID, language, subtitlesFile, episodeID) VALUES (65, 'Espanol', 'VikingsS2E9SUBES.srt', 65);
INSERT INTO Subtitles (subtitleID, language, subtitlesFile, episodeID) VALUES (66, 'Espanol', 'VikingsS2E10SUBES.srt', 66);
INSERT INTO Subtitles (subtitleID, language, subtitlesFile, episodeID) VALUES (67, 'Espanol', 'VikingsS3E1SUBES.srt', 67);
INSERT INTO Subtitles (subtitleID, language, subtitlesFile, episodeID) VALUES (68, 'Espanol', 'VikingsS3E2SUBES.srt', 68);
INSERT INTO Subtitles (subtitleID, language, subtitlesFile, episodeID) VALUES (69, 'Espanol', 'VikingsS3E3SUBES.srt', 69);
INSERT INTO Subtitles (subtitleID, language, subtitlesFile, episodeID) VALUES (70, 'Espanol', 'VikingsS3E4SUBES.srt', 70);
INSERT INTO Subtitles (subtitleID, language, subtitlesFile, episodeID) VALUES (71, 'Espanol', 'VikingsS3E5SUBES.srt', 71);
INSERT INTO Subtitles (subtitleID, language, subtitlesFile, episodeID) VALUES (72, 'Espanol', 'VikingsS3E6SUBES.srt', 72);
INSERT INTO Subtitles (subtitleID, language, subtitlesFile, episodeID) VALUES (73, 'Espanol', 'VikingsS3E7SUBES.srt', 73);
INSERT INTO Subtitles (subtitleID, language, subtitlesFile, episodeID) VALUES (74, 'Espanol', 'VikingsS3E8SUBES.srt', 74);
INSERT INTO Subtitles (subtitleID, language, subtitlesFile, episodeID) VALUES (75, 'Espanol', 'VikingsS3E9SUBES.srt', 75);
INSERT INTO Subtitles (subtitleID, language, subtitlesFile, episodeID) VALUES (76, 'Espanol', 'VikingsS3E10SUBES.srt', 76);
INSERT INTO Subtitles (subtitleID, language, subtitlesFile, movieID) VALUES (77, 'Português', 'DolemiteSUBPT.srt', 3);
INSERT INTO Subtitles (subtitleID, language, subtitlesFile, movieID) VALUES (78, 'English', 'TheFastAndTheFuriosSUBEN.srt', 4);
INSERT INTO Subtitles (subtitleID, language, subtitlesFile, movieID) VALUES (79, 'Italiano', 'AltoDaCompadecidaSUBIT.srt', 5);
INSERT INTO Subtitles (subtitleID, language, subtitlesFile, movieID) VALUES (80, 'Français', 'MarriageStorySUBFR.srt', 10);
INSERT INTO Subtitles (subtitleID, language, subtitlesFile, movieID) VALUES (81, 'Português', 'IntoTheSpiderVerseSUBPT.srt', 11);
INSERT INTO Subtitles (subtitleID, language, subtitlesFile, movieID) VALUES (82, 'English', 'TheWitcherS1E1TheIrishmanSUBEN.srt', 12);
INSERT INTO Subtitles (subtitleID, language, subtitlesFile, movieID) VALUES (83, 'Espanol', 'ElCaminoSUBES.srt', 13);
INSERT INTO Subtitles (subtitleID, language, subtitlesFile, movieID) VALUES (84, 'English', 'RomaSUBEN.srt', 14);
INSERT INTO Subtitles (subtitleID, language, subtitlesFile, movieID) VALUES (85, 'Português', 'BirdBoxSUBPT.srt', 15);
INSERT INTO Subtitles (subtitleID, language, subtitlesFile, movieID) VALUES (86, 'Português', 'ToAllTheBoys1SUBPT.srt', 16);
INSERT INTO Subtitles (subtitleID, language, subtitlesFile, episodeID) VALUES (87, 'Espanol', 'StrangerThingsS1E1SUBES.srt', 77);
INSERT INTO Subtitles (subtitleID, language, subtitlesFile, episodeID) VALUES (88, 'Espanol', 'StrangerThingsS1E2SUBES.srt', 78);
INSERT INTO Subtitles (subtitleID, language, subtitlesFile, episodeID) VALUES (89, 'Espanol', 'StrangerThingsS1E3SUBES.srt', 79);
INSERT INTO Subtitles (subtitleID, language, subtitlesFile, episodeID) VALUES (90, 'Espanol', 'StrangerThingsS1E4SUBES.srt', 80);
INSERT INTO Subtitles (subtitleID, language, subtitlesFile, episodeID) VALUES (91, 'Espanol', 'StrangerThingsS1E5SUBES.srt', 81);
INSERT INTO Subtitles (subtitleID, language, subtitlesFile, episodeID) VALUES (92, 'Espanol', 'StrangerThingsS1E6SUBES.srt', 82);
INSERT INTO Subtitles (subtitleID, language, subtitlesFile, episodeID) VALUES (93, 'Espanol', 'StrangerThingsS1E7SUBES.srt', 83);
INSERT INTO Subtitles (subtitleID, language, subtitlesFile, episodeID) VALUES (94, 'Espanol', 'StrangerThingsS1E8SUBES.srt', 84);


INSERT INTO Cover VALUES (0, 'GameOfThrones.jpg', 0);
INSERT INTO Cover VALUES (1, 'AlteredCarbon2.jpg', 1);
INSERT INTO Cover VALUES (2, 'VikingsCover1.jpg', 2);
INSERT INTO Cover VALUES (3, 'DolemiteRelease1.jpg', 3);
INSERT INTO Cover VALUES (4, 'TFaF2020.jpg', 4);
INSERT INTO Cover VALUES (5, 'OAltoCompadecida.jpg', 5);
INSERT INTO Cover VALUES (6, 'StrangerThing2019.jpg', 6);
INSERT INTO Cover VALUES (7, 'SexEducation1.jpg', 7);
INSERT INTO Cover VALUES (8, 'OITNB.jpg', 8);
INSERT INTO Cover VALUES (9, 'WitcherThe.jpg', 9);
INSERT INTO Cover VALUES (10, 'MarriageStory1.jpg', 10);
INSERT INTO Cover VALUES (11, 'IntoTheSpiderVerse1.jpg', 11);
INSERT INTO Cover VALUES (12, 'TheIrishman1.jpg', 12);
INSERT INTO Cover VALUES (13, 'ElCamino1.jpg', 13);
INSERT INTO Cover VALUES (14, 'Roma1.jpg', 14);
INSERT INTO Cover VALUES (15, 'BirdBox1.jpg', 15);
INSERT INTO Cover VALUES (16, 'ToAllTheBoys1.jpg', 16);


INSERT INTO Visualization (visualizationID, timeOfDay, timeStampInitial, timeStampFinal, userID, movieID) VALUES (0, '2013-10-07 08:23', '2013-10-07 08:23', '2013-10-07 08:53', 0, 5);
INSERT INTO Visualization (visualizationID, timeOfDay, timeStampInitial, timeStampFinal, userID, movieID) VALUES (1, '2019-11-06 16:22', '2019-11-06 16:22', '2019-11-06 16:37', 1, 3);
INSERT INTO Visualization (visualizationID, timeOfDay, timeStampInitial, timeStampFinal, userID, movieID) VALUES (2, '2018-12-07 11:10', '2018-12-07 11:10', '2018-12-07 12:28', 7, 4);
INSERT INTO Visualization (visualizationID, timeOfDay, timeStampInitial, timeStampFinal, userID, movieID) VALUES (3, '2016-10-11 09:53', '2016-10-11 09:53', '2016-10-11 11:03', 9, 13);
INSERT INTO Visualization (visualizationID, timeOfDay, timeStampInitial, timeStampFinal, userID, movieID) VALUES (4, '2017-07-25 00:49', '2017-07-25 00:49', '2017-07-25 02:11', 6, 5);
INSERT INTO Visualization (visualizationID, timeOfDay, timeStampInitial, timeStampFinal, userID, movieID) VALUES (5, '2016-08-19 00:52', '2016-08-19 00:52', '2016-08-19 01:23', 0, 10);
INSERT INTO Visualization (visualizationID, timeOfDay, timeStampInitial, timeStampFinal, userID, movieID) VALUES (6, '2019-03-22 23:30', '2019-03-22 23:30', '2019-03-23 00:06', 1, 12);
INSERT INTO Visualization (visualizationID, timeOfDay, timeStampInitial, timeStampFinal, userID, movieID) VALUES (7, '2018-01-08 04:17', '2018-01-08 04:17', '2018-01-08 04:57', 4, 3);
INSERT INTO Visualization (visualizationID, timeOfDay, timeStampInitial, timeStampFinal, userID, movieID) VALUES (8, '2020-01-07 04:20', '2020-01-07 04:20', '2020-01-07 06:22', 5, 15);
INSERT INTO Visualization (visualizationID, timeOfDay, timeStampInitial, timeStampFinal, userID, movieID) VALUES (9, '2020-02-01 09:43', '2020-02-01 09:43', '2020-02-01 10:47', 8, 10);
INSERT INTO Visualization (visualizationID, timeOfDay, timeStampInitial, timeStampFinal, userID, movieID) VALUES (10, '2017-01-07 01:11', '2017-01-07 01:11', '2017-01-07 01:59', 9, 16);
INSERT INTO Visualization (visualizationID, timeOfDay, timeStampInitial, timeStampFinal, userID, movieID) VALUES (11, '2020-03-07 06:50', '2020-03-07 06:50', '2020-03-07 08:49', 9, 4);
INSERT INTO Visualization (visualizationID, timeOfDay, timeStampInitial, timeStampFinal, userID, movieID) VALUES (12, '2019-04-10 10:45', '2019-04-10 10:45', '2019-04-10 11:59', 5, 15);
INSERT INTO Visualization (visualizationID, timeOfDay, timeStampInitial, timeStampFinal, userID, movieID) VALUES (13, '2018-10-11 11:39', '2018-10-11 11:39', '2018-10-11 12:56', 11, 5);
INSERT INTO Visualization (visualizationID, timeOfDay, timeStampInitial, timeStampFinal, userID, movieID) VALUES (14, '2018-10-03 11:36', '2018-10-03 11:36', '2018-10-03 12:56', 4, 12);
INSERT INTO Visualization (visualizationID, timeOfDay, timeStampInitial, timeStampFinal, userID, movieID) VALUES (15, '2019-10-06 16:31', '2019-10-06 16:31', '2019-10-06 17:20', 6, 4);
INSERT INTO Visualization (visualizationID, timeOfDay, timeStampInitial, timeStampFinal, userID, movieID) VALUES (16, '2018-10-17 08:50', '2018-10-17 08:50', '2018-10-17 10:10', 10, 3);
INSERT INTO Visualization (visualizationID, timeOfDay, timeStampInitial, timeStampFinal, userID, movieID) VALUES (17, '2019-10-12 23:40', '2019-10-12 23:40', '2019-10-13 00:57', 10, 5);
INSERT INTO Visualization (visualizationID, timeOfDay, timeStampInitial, timeStampFinal, userID, movieID) VALUES (18, '2017-10-21 17:34', '2017-10-21 17:34', '2017-10-21 18:59', 8, 16);
INSERT INTO Visualization (visualizationID, timeOfDay, timeStampInitial, timeStampFinal, userID, movieID) VALUES (19, '2018-10-09 23:05', '2018-10-09 23:05', '2018-10-10 00:18', 7, 5);
INSERT INTO Visualization (visualizationID, timeOfDay, timeStampInitial, timeStampFinal, userID, movieID) VALUES (20, '2019-05-17 18:11', '2019-05-17 18:11', '2019-05-17 19:55', 9, 3);
INSERT INTO Visualization (visualizationID, timeOfDay, timeStampInitial, timeStampFinal, userID, episodeID) VALUES (21, '2019-03-31 22:33', '2019-03-31 22:33', '2019-03-31 23:00', 10, 6);
INSERT INTO Visualization (visualizationID, timeOfDay, timeStampInitial, timeStampFinal, userID, episodeID) VALUES (22, '2018-04-01 23:36', '2018-04-01 23:36', '2018-04-02 00:49', 4, 1);
INSERT INTO Visualization (visualizationID, timeOfDay, timeStampInitial, timeStampFinal, userID, episodeID) VALUES (23, '2017-03-21 12:38', '2017-03-21 12:38', '2017-03-21 12:40', 1, 5);
INSERT INTO Visualization (visualizationID, timeOfDay, timeStampInitial, timeStampFinal, userID, episodeID) VALUES (24, '2019-03-11 21:31', '2019-03-11 21:31', '2019-03-11 21:45', 9, 4);
INSERT INTO Visualization (visualizationID, timeOfDay, timeStampInitial, timeStampFinal, userID, episodeID) VALUES (25, '2018-07-03 03:15', '2018-07-03 03:15', '2018-07-03 03:29', 10, 4);
INSERT INTO Visualization (visualizationID, timeOfDay, timeStampInitial, timeStampFinal, userID, episodeID) VALUES (26, '2020-02-02 02:20', '2020-02-02 02:20', '2020-02-02 02:29', 8, 5);
INSERT INTO Visualization (visualizationID, timeOfDay, timeStampInitial, timeStampFinal, userID, episodeID) VALUES (27, '2020-01-06 12:30', '2020-01-06 12:30', '2020-01-06 12:40', 4, 4);
INSERT INTO Visualization (visualizationID, timeOfDay, timeStampInitial, timeStampFinal, userID, episodeID) VALUES (28, '2020-02-07 18:41', '2020-02-07 18:41', '2020-02-07 18:53', 11, 1);
INSERT INTO Visualization (visualizationID, timeOfDay, timeStampInitial, timeStampFinal, userID, episodeID) VALUES (29, '2019-10-10 10:27', '2019-10-10 10:27', '2019-10-10 10:57', 8, 5);
INSERT INTO Visualization (visualizationID, timeOfDay, timeStampInitial, timeStampFinal, userID, episodeID) VALUES (30, '2018-12-12 03:09', '2018-12-12 03:09', '2018-12-12 03:50', 1, 2);
INSERT INTO Visualization (visualizationID, timeOfDay, timeStampInitial, timeStampFinal, userID, episodeID) VALUES (31, '2019-11-11 14:30', '2019-11-11 14:30', '2019-11-11 14:49', 7, 6);
INSERT INTO Visualization (visualizationID, timeOfDay, timeStampInitial, timeStampFinal, userID, episodeID) VALUES (32, '2019-08-12 14:15', '2019-08-12 14:15', '2019-08-12 14:22', 3, 77);
INSERT INTO Visualization (visualizationID, timeOfDay, timeStampInitial, timeStampFinal, userID, episodeID) VALUES (33, '2017-09-10 20:00', '2017-09-10 20:00', '2017-09-10 20:40', 3, 1);
INSERT INTO Visualization (visualizationID, timeOfDay, timeStampInitial, timeStampFinal, userID, episodeID) VALUES (34, '2016-10-09 10:04', '2016-10-09 10:04', '2016-10-09 10:42', 2, 4);
INSERT INTO Visualization (visualizationID, timeOfDay, timeStampInitial, timeStampFinal, userID, episodeID) VALUES (35, '2020-03-04 01:27', '2020-03-04 01:27', '2020-03-04 01:30', 2, 4);
INSERT INTO Visualization (visualizationID, timeOfDay, timeStampInitial, timeStampFinal, userID, episodeID) VALUES (36, '2020-04-03 10:08', '2020-04-03 10:08', '2020-04-03 10:29', 10, 111);
INSERT INTO Visualization (visualizationID, timeOfDay, timeStampInitial, timeStampFinal, userID, episodeID) VALUES (37, '2019-03-29 19:07', '2019-03-29 19:07', '2019-03-29 19:21', 11, 7);
INSERT INTO Visualization (visualizationID, timeOfDay, timeStampInitial, timeStampFinal, userID, episodeID) VALUES (38, '2020-01-06 20:18', '2020-01-06 20:18', '2020-01-06 20:41', 5, 3);
INSERT INTO Visualization (visualizationID, timeOfDay, timeStampInitial, timeStampFinal, userID, episodeID) VALUES (39, '2020-02-31 04:16', '2020-02-31 04:16', '2020-02-31 04:19', 7, 5);
INSERT INTO Visualization (visualizationID, timeOfDay, timeStampInitial, timeStampFinal, userID, episodeID) VALUES (40, '2020-11-07 23:23', '2020-11-07 23:23', '2020-11-08 01:00', 0, 0);
INSERT INTO Visualization (visualizationID, timeOfDay, timeStampInitial, timeStampFinal, userID, episodeID) VALUES (41, '2020-03-31 18:20', '2020-03-31 18:20', '2020-03-31 18:21', 0, 48);
INSERT INTO Visualization (visualizationID, timeOfDay, timeStampInitial, timeStampFinal, userID, episodeID) VALUES (42, '2020-04-11 18:20', '2020-04-11 18:20', '2020-04-11 19:20', 0, 195);
INSERT INTO Visualization (visualizationID, timeOfDay, timeStampInitial, timeStampFinal, userID, episodeID) VALUES (43, '2020-04-12 18:20', '2020-04-12 18:20', '2020-04-12 19:20', 0, 196);
INSERT INTO Visualization (visualizationID, timeOfDay, timeStampInitial, timeStampFinal, userID, episodeID) VALUES (44, '2020-04-13 18:20', '2020-04-13 18:20', '2020-04-13 19:20', 0, 197);
INSERT INTO Visualization (visualizationID, timeOfDay, timeStampInitial, timeStampFinal, userID, episodeID) VALUES (45, '2020-04-14 18:20', '2020-04-14 18:20', '2020-04-14 19:20', 0, 198);
INSERT INTO Visualization (visualizationID, timeOfDay, timeStampInitial, timeStampFinal, userID, episodeID) VALUES (46, '2020-04-15 18:20', '2020-04-15 18:20', '2020-04-15 19:20', 0, 199);
INSERT INTO Visualization (visualizationID, timeOfDay, timeStampInitial, timeStampFinal, userID, episodeID) VALUES (47, '2020-04-16 18:20', '2020-04-16 18:20', '2020-04-16 19:20', 0, 200);
INSERT INTO Visualization (visualizationID, timeOfDay, timeStampInitial, timeStampFinal, userID, episodeID) VALUES (48, '2020-04-17 18:20', '2020-04-17 18:20', '2020-04-17 19:20', 0, 201);
INSERT INTO Visualization (visualizationID, timeOfDay, timeStampInitial, timeStampFinal, userID, episodeID) VALUES (49, '2020-04-18 18:20', '2020-04-18 18:20', '2020-04-18 19:20', 0, 202);
INSERT INTO Visualization (visualizationID, timeOfDay, timeStampInitial, timeStampFinal, userID, movieID) VALUES (50, '2018-10-09 23:05', '2018-10-09 23:05', '2018-10-10 00:18', 1, 11);
INSERT INTO Visualization (visualizationID, timeOfDay, timeStampInitial, timeStampFinal, userID, movieID) VALUES (51, '2018-10-09 23:05', '2018-10-09 23:05', '2018-10-10 00:18', 4, 11);
INSERT INTO Visualization (visualizationID, timeOfDay, timeStampInitial, timeStampFinal, userID, movieID) VALUES (52, '2019-10-06 16:31', '2019-10-06 16:31', '2019-10-06 17:20', 6, 11);
INSERT INTO Visualization (visualizationID, timeOfDay, timeStampInitial, timeStampFinal, userID, movieID) VALUES (53, '2019-10-06 16:31', '2019-10-06 16:31', '2019-10-06 17:20', 7, 11);